feature,feature_bin,rows,actual_tch_sum,pred_tch_sum,tch_sum_diff,tch_sum_pct_diff,actual_tch_mean,pred_tch_mean,tch_bias,tch_mae,tch_rmse
prod_codigo_zae,"(0.999, 7.0]",1240,127142.54,136041.73157281568,8899.19157281569,0.06999381617526038,102.53430645161289,109.71107384904491,7.176767397431982,14.63349803302775,18.429095422005833
prod_codigo_zae,"(7.0, 14.0]",1266,135659.66999999998,148652.48425803176,12992.81425803178,0.09577506902406427,107.15613744075829,117.41902390049903,10.26288645974072,16.623799116686733,20.83791711649695
prod_codigo_zae,"(14.0, 27.0]",1214,114994.54999999999,126274.92910868018,11280.379108680194,0.09809490196431218,94.7236820428336,104.01559234652404,9.291910303690434,15.62716280857574,19.289809055153036
prod_codigo_zae,"(27.0, 46.0]",1598,165916.77,185508.91451349627,19592.144513496285,0.11808417264569632,103.8277659574468,116.0881817981829,12.260415840736105,17.406314615547664,21.347136487436554
prod_codigo_zae,"(46.0, 54.0]",868,86695.71,95922.86743231906,9227.157432319058,0.10643153429759163,99.87985023041476,110.51021593585146,10.630365705436708,15.899122111083592,19.60223631183631
optical_cire_peak_0_180,"(-0.127, 3.1]",1211,108392.5,116217.20583297404,7824.705832974039,0.07218862774614516,89.50660611065236,95.96796517999508,6.461359069342728,15.105319992064642,18.87103352636953
optical_cire_peak_0_180,"(3.1, 3.57]",1210,115775.27,128883.73148146449,13108.461481464488,0.1132233289670971,95.68204132231405,106.51548056319379,10.833439240879745,15.840634965713836,19.50943373023367
optical_cire_peak_0_180,"(3.57, 3.981]",1210,123462.49,137892.99440098432,14430.504400984311,0.1168816893372579,102.03511570247935,113.9611523975077,11.926036695028372,16.228251310381335,20.129600459430023
optical_cire_peak_0_180,"(3.981, 4.456]",1210,130129.93,144723.5749074645,14593.644907464506,0.11214672064654539,107.54539669421487,119.60626025410289,12.060863559888015,16.217520686017004,20.09837093109548
optical_cire_peak_0_180,"(4.456, 278.979]",1210,138072.22,152875.6756248662,14803.455624866212,0.10721530822685557,114.10927272727272,126.3435335742696,12.234260846996866,16.363775850901977,20.421339094660365
optical_ndre_peak_0_180,"(-0.040100000000000004, 0.573]",1211,107960.64,116085.57862841079,8124.9386284107895,0.07525834071019577,89.14999174236168,95.85927219521948,6.709280452857784,15.470234208332114,19.211781239137125
optical_ndre_peak_0_180,"(0.573, 0.609]",1210,115476.81,128691.8433929015,13215.033392901503,0.11443885047483995,95.43538016528926,106.3568953660343,10.921515200745025,15.870487777553533,19.73239553366896
optical_ndre_peak_0_180,"(0.609, 0.636]",1212,123485.63,138380.65555834922,14895.02555834921,0.12062152947147947,101.88583333333334,114.17545838147625,12.289625048142904,16.243918462029885,20.005787861607736
optical_ndre_peak_0_180,"(0.636, 0.663]",1209,130511.55,144456.17508203065,13944.625082030645,0.10684590813633464,107.95,119.48401578331733,11.534015783317312,15.913457826997588,19.76242658859895
optical_ndre_peak_0_180,"(0.663, 0.907]",1209,138397.78,152978.92958606148,14581.149586061481,0.10535681703898343,114.47293631100082,126.53344051783414,12.06050420683332,16.25684051959233,20.33857611976686
cycle_age_max,"(183.999, 326.0]",1323,131754.49,143372.84893085543,11618.358930855436,0.08818188230894779,99.58767195767194,108.36950032566548,8.781828367993498,15.415706551159342,19.37637741017014
cycle_age_max,"(326.0, 337.0]",1222,124766.31,134335.5678451604,9569.257845160406,0.07669745017834066,102.10009001636661,109.93090658360099,7.830816567234366,15.249303266078773,18.963858954516805
cycle_age_max,"(337.0, 348.0]",1210,124835.86,136222.4547694577,11386.59476945769,0.0912125311545712,103.17013223140496,112.58054113178322,9.410408900378254,15.639237624224068,19.286309501143883
cycle_age_max,"(348.0, 362.0]",1246,125381.49999999999,141663.61869868616,16282.118698686172,0.12986061499253218,100.6272070626003,113.69471805673047,13.06751099413014,17.57858414714501,21.5307742383211
cycle_age_max,"(362.0, 705.0]",1201,125379.53,138581.00884709758,13201.478847097576,0.10529213857395682,104.39594504579517,115.38801735811622,10.992072312321053,16.753357704512684,20.892461437957657
optical_ndvire_peak_0_180,"(-0.0682, 0.603]",1211,108416.98000000001,116272.47431076106,7855.494310761045,0.07245630998724595,89.52682080924856,96.0136038899761,6.486783080727545,15.22165241676714,18.979968274921795
optical_ndvire_peak_0_180,"(0.603, 0.638]",1214,115893.55,129289.14051248059,13395.590512480587,0.11558529799527745,95.46420922570017,106.49846829693624,11.03425907123608,15.996207870610656,19.749401273866805
optical_ndvire_peak_0_180,"(0.638, 0.662]",1210,123215.91,137771.8146919482,14555.904691948206,0.11813332135394046,101.8313305785124,113.86100387764314,12.029673299130753,16.133824558997443,20.057248867107706
optical_ndvire_peak_0_180,"(0.662, 0.687]",1208,130222.45000000001,144647.0537509654,14424.603750965383,0.11076894768118233,107.80004139072848,119.74093853556738,11.940897144838887,16.211401145527173,20.041426072271854
optical_ndvire_peak_0_180,"(0.687, 0.918]",1208,138083.52,152612.6989815983,14529.178981598321,0.10522022455393897,114.30754966887416,126.33501571324364,12.027466044369476,16.193001640999444,20.216997322065357
prod_no_corte,"(0.999, 2.0]",2245,236112.45,260216.97951293126,24104.529512931244,0.10208919314899,105.17258351893096,115.90956771177339,10.73698419284243,16.657831246383303,20.6986903277354
prod_no_corte,"(2.0, 3.0]",1130,118474.2,129305.0077844791,10830.807784479097,0.09141912572086663,104.84442477876107,114.42921042874256,9.58478564998151,14.653900863055705,18.311765550046463
prod_no_corte,"(3.0, 4.0]",790,79697.43,88266.20305485735,8568.77305485736,0.10751630328427605,100.88282278481012,111.72937095551563,10.846548170705496,16.84382432732623,20.674421258014462
prod_no_corte,"(4.0, 6.0]",1246,122582.23000000001,133268.9207990649,10686.690799064876,0.08717977148127322,98.38060192616373,106.95740032027679,8.57679839411307,16.239974626859407,20.056518708409705
prod_no_corte,"(6.0, 11.0]",791,75251.38,83118.38793992464,7867.0079399246315,0.10454303881104414,95.13448798988622,105.08013646008172,9.945648470195488,15.776783321197964,19.74722364640926
optical_ndvi_peak_0_180,"(0.0179, 0.773]",1211,114239.95,120250.76357315306,6010.813573153064,0.05261568805967671,94.33521882741536,99.29873127427999,4.96351244686463,14.534070107140657,18.30693256305227
optical_ndvi_peak_0_180,"(0.773, 0.805]",1214,116259.22,129589.3876085761,13330.1676085761,0.11465901464482645,95.76542009884679,106.74578880442841,10.980368705581633,15.722053704778295,19.460147651184837
optical_ndvi_peak_0_180,"(0.805, 0.827]",1209,122353.92000000001,137635.98183447,15282.06183446999,0.12490046771259955,101.2025806451613,113.84283030146402,12.640249656302734,16.66458912134277,20.527338965328408
optical_ndvi_peak_0_180,"(0.827, 0.848]",1209,128763.22,144012.12562818118,15248.905628181179,0.11842594203671808,106.5039040529363,119.11672922099353,12.612825168057222,16.4291373740676,20.3617949383424
optical_ndvi_peak_0_180,"(0.848, 0.972]",1208,134216.09999999998,149104.92360337323,14888.823603373254,0.11093172580169783,111.1060430463576,123.43122814848778,12.325185102130147,16.40862275152158,20.328163353967533
climate_tmean_mean_0_180,"(25.427999999999997, 27.233]",1174,118115.49,122957.13271140962,4841.642711409615,0.04099075160598847,100.60944633730836,104.73350316133698,4.124056824028624,13.2690365894081,16.56144821527024
climate_tmean_mean_0_180,"(27.233, 27.522]",1173,111632.81,123037.75344177496,11404.943441774958,0.10216479762334173,95.16863597612958,104.89152041072033,9.722884434590753,15.20890056079952,18.696797628157885
climate_tmean_mean_0_180,"(27.522, 27.827]",1173,114942.11000000002,126916.89813130259,11974.788131302572,0.1041810362738475,97.98986359761297,108.19854913154526,10.208685533932295,15.957926078091065,20.001298863764994
climate_tmean_mean_0_180,"(27.827, 28.276]",1173,125476.79000000001,138626.7097374645,13149.919737464486,0.10479961861842725,106.97083546462063,118.18133822460742,11.210502759986804,16.92857553422495,21.217756028615383
climate_tmean_mean_0_180,"(28.276, 28.822]",1173,128856.3,147720.76343985874,18864.463439858737,0.1463992326324653,109.85191815856778,125.93415468018648,16.08223652161869,18.502175697384192,22.256312715418943
optical_ndvi_amplitude_0_180,"(-0.001, 0.673]",1211,118756.15,127637.80271695515,8881.652716955155,0.07478899170236789,98.06453344343517,105.39868102143282,7.3341475779976575,15.116921143015889,18.732973236603023
optical_ndvi_amplitude_0_180,"(0.673, 0.729]",1215,121415.93,135942.53215614724,14526.602156147244,0.11964329685690539,99.93080658436213,111.88685774168496,11.95605115732283,16.239899708766295,20.203371888298246
optical_ndvi_amplitude_0_180,"(0.729, 0.768]",1208,125519.56,138643.43045974267,13123.87045974267,0.10455637718728993,103.90692052980133,114.77105170508499,10.864131175283658,15.14249576056291,18.757404266666846
optical_ndvi_amplitude_0_180,"(0.768, 0.808]",1210,123667.73999999999,139076.19959702357,15408.459597023582,0.12459562693571972,102.20474380165288,114.93900793142444,12.734264129771546,17.161860120270507,21.235468775987588
optical_ndvi_amplitude_0_180,"(0.808, 0.987]",1207,126473.03,139293.21731788496,12820.187317884964,0.10136696588897225,104.78295774647887,115.40448825011181,10.621530503632926,16.092136238199497,20.022927752064316
optical_ndvi_mean_0_180,"(0.0179, 0.448]",1211,118492.88,130566.15626141374,12073.276261413732,0.10189030987696249,97.84713459950454,107.81680946442093,9.969674864916378,16.11675609344977,20.16138966310991
optical_ndvi_mean_0_180,"(0.448, 0.49]",1210,125203.88,136463.45501826046,11259.575018260453,0.08992992084798372,103.47428099173554,112.77971489112434,9.305433899388833,15.65473826717547,19.917031300487753
optical_ndvi_mean_0_180,"(0.49, 0.524]",1210,122403.03,136280.39989445105,13877.369894451054,0.11337439844790652,101.15952892561984,112.62842966483558,11.46890073921575,16.57167992695995,20.475557247019132
optical_ndvi_mean_0_180,"(0.524, 0.559]",1210,124207.16,138501.7089945157,14294.548994515702,0.11508635246563646,102.65054545454545,114.46422230951711,11.813676854971657,16.245529161381143,19.851476660965638
optical_ndvi_mean_0_180,"(0.559, 0.696]",1210,125525.46000000002,138781.4620791126,13256.002079112572,0.10560409082836716,103.74004958677688,114.69542320587817,10.95537361910131,15.165963458508008,18.61100121568561
optical_cire_amplitude_0_180,"(-0.001, 3.048]",1211,108935.84,116970.6743940887,8034.834394088699,0.07375749242938504,89.95527663088356,96.5901522659692,6.634875635085633,15.181601504926503,18.93646475160037
optical_cire_amplitude_0_180,"(3.048, 3.527]",1210,115949.67,128820.1322178723,12870.462217872308,0.11100042128513439,95.826173553719,106.46291918832422,10.63674563460521,15.701215555618143,19.323497996019913
optical_cire_amplitude_0_180,"(3.527, 3.955]",1210,123067.94999999998,137598.34209226188,14530.3920922619,0.11806804364793516,101.70904958677684,113.71763809277842,12.008588506001546,16.23762499273894,20.17679210715325
optical_cire_amplitude_0_180,"(3.955, 4.446]",1210,130450.06,145052.57666611526,14602.516666115262,0.11193951667109438,107.80996694214876,119.87816253397955,12.06819559183078,16.128374911717096,19.97525871498684
optical_cire_amplitude_0_180,"(4.446, 278.987]",1210,137428.89,152151.45687741548,14722.566877415462,0.10712861667889088,113.57759504132233,125.74500568381444,12.167410642492106,16.506622797505496,20.61084939964844
climate_precip_acc_0_90,"(0.485, 57.109]",1174,129941.64,137500.54746812742,7558.907468127421,0.0581715566167044,110.68282793867121,117.12142033060258,6.438592391931365,13.613314046271116,17.312330001974857
climate_precip_acc_0_90,"(57.109, 142.438]",1173,125697.72,133391.23838240386,7693.518382403854,0.061206507026570205,107.15918158567776,113.71802078636304,6.5588392006852905,14.061792602190007,17.679129666853132
climate_precip_acc_0_90,"(142.438, 289.163]",1173,120279.73,134001.55980170495,13721.829801704953,0.11408264552726344,102.54026427962489,114.23832890170925,11.69806462208436,15.998919288134664,19.968959602132
climate_precip_acc_0_90,"(289.163, 490.666]",1173,119077.01000000001,133869.26983413132,14792.259834131313,0.12422431361126142,101.5149275362319,114.12554973071724,12.610622194485357,17.33098746739205,21.21350980060369
climate_precip_acc_0_90,"(490.666, 1627.46]",1173,104027.4,120496.64197544285,16469.241975442856,0.1583163856391956,88.6849104859335,102.72518497480209,14.040274488868578,18.861307554251745,22.54723854339341
climate_tmean_slope_0_180,"(-0.012799999999999999, -0.00634]",1174,116916.60999999999,135758.3549487418,18841.744948741805,0.16115541622992496,99.5882538330494,115.63744033112589,16.049186498076487,20.107413681293675,23.882090078681028
climate_tmean_slope_0_180,"(-0.00634, -0.00336]",1173,110651.07,127965.74213496064,17314.672134960638,0.15647993403914337,94.33168797953965,109.09270429237907,14.761016312839425,18.382031412080387,22.18986876198703
climate_tmean_slope_0_180,"(-0.00336, 0.00505]",1173,120530.23999999999,132769.1679229341,12238.92792293412,0.10154238407667752,102.75382779198635,113.18769643898901,10.43386864700266,15.427480512375423,19.142320993742196
climate_tmean_slope_0_180,"(0.00505, 0.0118]",1173,122765.25,132446.23906828038,9680.989068280382,0.07885773106217257,104.65920716112532,112.91239477261755,8.253187611492246,13.804194518739966,17.432501067624333
climate_tmean_slope_0_180,"(0.0118, 0.0246]",1173,128160.33000000002,130319.75338689343,2159.4233868934098,0.01684939003273017,109.25859335038365,111.09953400417172,1.8409406537880901,12.139664516925723,15.366292210204158
optical_evi2_mean_0_180,"(0.0201, 0.28]",1211,118055.87999999999,126683.44524867562,8627.56524867563,0.0730803518526619,97.48627580511973,104.61060714176352,7.124331336643774,15.261538908046901,19.230211347532226
optical_evi2_mean_0_180,"(0.28, 0.315]",1210,122929.68,134191.59854480333,11261.918544803339,0.09161268901703266,101.59477685950412,110.9021475576887,9.307370698184581,15.729533829213299,19.897197107462357
optical_evi2_mean_0_180,"(0.315, 0.344]",1210,121632.06,135922.4501187817,14290.39011878171,0.1174886795371361,100.52236363636364,112.33260340395182,11.81023976758818,16.43564936596652,20.365365727643795
optical_evi2_mean_0_180,"(0.344, 0.376]",1210,122348.53,138504.17804860993,16155.648048609932,0.1320461148867905,101.11448760330579,114.46626285009086,13.35177524678507,16.726453101426525,20.42265411172322
optical_evi2_mean_0_180,"(0.376, 0.491]",1210,130866.26,145291.51028688299,14425.25028688299,0.11022894890465267,108.15393388429752,120.07562833626693,11.92169445196941,15.602198493883416,19.114565560771105
optical_ndvi_auc_0_180,"(0.141, 80.875]",1211,118070.53,130477.96566934398,12407.435669343977,0.10508494938867452,97.49837324525186,107.74398486320725,10.24561161795539,16.364891982325986,20.453533079448952
optical_ndvi_auc_0_180,"(80.875, 88.723]",1210,125188.77,137150.28826382855,11961.518263828548,0.09554785356409003,103.46179338842975,113.34734567258558,9.885552284155839,15.920110052487358,20.19803884939815
optical_ndvi_auc_0_180,"(88.723, 94.452]",1210,123756.36,137109.45656556578,13353.096565565778,0.10789826531392632,102.27798347107438,113.31360046740973,11.035616996335364,16.388102158083385,20.35597210146129
optical_ndvi_auc_0_180,"(94.452, 100.281]",1210,123205.72,137435.9690619266,14230.249061926588,0.11549990586416432,101.82290909090909,113.58344550572446,11.760536414815363,16.179778099676916,19.663574065277977
optical_ndvi_auc_0_180,"(100.281, 123.886]",1210,125611.03,138419.50268708865,12808.472687088652,0.10196933093446214,103.81076859504132,114.39628321246995,10.585514617428638,14.90157954391815,18.31746066757951
enso_nino34_precycle_mean,"(25.750999999999998, 25.773]",1302,137037.89,144479.8934246487,7442.00342464869,0.0543061734579297,105.25183563748081,110.96766008037535,5.715824442894546,12.911815853441723,16.485010486482686
enso_nino34_precycle_mean,"(25.773, 25.902]",1505,160077.27000000002,167476.51325769164,7399.243257691618,0.046222947565832534,106.36363455149502,111.28007525428016,4.916440702785157,13.711342604024047,17.367945050612843
enso_nino34_precycle_mean,"(25.902, 26.095]",1191,122242.73,136396.40959751746,14153.679597517461,0.11578340566770279,102.63873215785054,114.52259412050164,11.883861962651089,16.309341944988393,20.100363422969714
enso_nino34_precycle_mean,"(26.095, 26.467]",1300,126045.25000000001,146029.47748388068,19984.227483880662,0.15854804115094112,96.95788461538463,112.33036729529283,15.37248267990821,19.7413905723535,23.245504808203073
enso_nino34_precycle_mean,"(26.467, 28.102]",904,86714.54999999999,99793.20532751875,13078.655327518762,0.1508242310836966,95.92317477876105,110.39071385787473,14.467539079113646,19.294043665185356,23.438874756513144
optical_ndre_mean_0_180,"(-0.040100000000000004, 0.314]",1211,116757.73,128045.1617437226,11287.431743722598,0.09667395677975753,96.41431048720065,105.73506337219041,9.320752884989766,16.21108634508016,20.38977605851086
optical_ndre_mean_0_180,"(0.314, 0.35]",1210,122491.42,134383.43326888574,11892.013268885741,0.09708445921261866,101.2325785123967,111.06068865197169,9.828110139574994,15.605790275000247,19.60272449746249
optical_ndre_mean_0_180,"(0.35, 0.379]",1210,122334.34,136537.42533780733,14203.085337807337,0.11610055964504601,101.1027603305785,112.84084738661763,11.738087056039124,16.587102515429127,20.57125953271074
optical_ndre_mean_0_180,"(0.379, 0.41]",1210,125043.55,139075.6896780812,14032.139678081192,0.11221802066624942,103.34177685950414,114.93858651081091,11.596809651306796,16.280082738127305,19.870322467669748
optical_ndre_mean_0_180,"(0.41, 0.538]",1210,129205.37,142551.47221925666,13346.10221925666,0.10329371154818612,106.78129752066116,117.81113406550136,11.029836544840217,15.070527074951853,18.569998445152407
enso_el_nino_fraction_asof,"(-0.001, 0.25]",1773,189851.33000000002,194214.140865843,4362.81086584297,0.022980143809595486,107.07914833615342,109.53984256392724,2.4606942277738257,12.834864657804578,16.311947029066317
enso_el_nino_fraction_asof,"(0.25, 0.333]",1051,109729.41,119397.29589656263,9667.885896562628,0.08810660602807058,104.40476688867746,113.6035165523907,9.19874966371326,14.436392177221933,18.262529608535015
enso_el_nino_fraction_asof,"(0.333, 0.417]",1215,124509.59,139112.34671514164,14602.756715141644,0.11728218457021379,102.47702880658436,114.4957586132853,12.018729806700923,16.246310271684226,20.0299177404561
enso_el_nino_fraction_asof,"(0.417, 0.5]",1262,121675.43,141962.58367762988,20287.15367762989,0.16673171960542807,96.41476228209191,112.49016139273367,16.07539911064173,19.758332477561314,23.282680034657645
enso_el_nino_fraction_asof,"(0.5, 0.833]",901,86351.93,99489.13193608011,13137.20193608012,0.15213559136524363,95.8400998890122,110.4207901621311,14.580690273118867,19.282639900975713,23.421123039412688
optical_ndvi_auc_91_180,"(0.141, 47.972]",1211,116168.0,125511.43465635012,9343.434656350117,0.08043036512938259,95.92733278282411,103.64280318443444,7.715470401610342,15.49867835012211,19.408172046733473
optical_ndvi_auc_91_180,"(47.972, 51.749]",1210,122658.68000000001,134930.50993493112,12271.829934931113,0.1000486058950831,101.37080991735537,111.51281812804226,10.142008210686877,15.45377679936792,19.2544563876545
optical_ndvi_auc_91_180,"(51.749, 55.117]",1210,122740.38999999998,136373.04481660877,13632.654816608789,0.11106901987690271,101.4383388429752,112.7049957162056,11.266656873230374,16.111687391073335,20.212800881281016
optical_ndvi_auc_91_180,"(55.117, 59.213]",1210,124142.58,138639.54133884815,14496.961338848152,0.11677670416426138,102.597173553719,114.57813333789103,11.980959784172033,16.00341150172918,19.84653400875652
optical_ndvi_auc_91_180,"(59.213, 69.451]",1210,130122.76000000001,145138.6515010154,15015.891501015401,0.11539788658813724,107.53947107438017,119.94929876116976,12.4098276867896,16.68762367323413,20.323382410991556
optical_cire_auc_0_180,"(-0.945, 242.766]",1211,115249.95999999999,124293.17280733383,9043.212807333839,0.0784660819607559,95.16924855491328,102.63680661216667,7.467558057253364,15.355914933436349,19.40494123587379
optical_cire_auc_0_180,"(242.766, 281.209]",1210,120639.69,133008.41386088752,12368.72386088752,0.10252615752649497,99.70222314049587,109.92430897594011,10.222085835444233,15.675672628590963,19.557995398003488
optical_cire_auc_0_180,"(281.209, 317.527]",1210,123080.37,137010.0880121485,13929.718012148514,0.11317578921925986,101.71931404958677,113.2314776959905,11.512163646403721,16.512126963020922,20.515109536989616
optical_cire_auc_0_180,"(317.527, 358.954]",1210,125254.38,140049.66330873757,14795.283308737562,0.11812188371167189,103.51601652892562,115.74352339565088,12.22750686672526,16.290844156049403,19.979507503491618
optical_cire_auc_0_180,"(358.954, 1648.191]",1210,131608.01,146231.8442586462,14623.83425864618,0.11111659737614892,108.76695041322314,120.85276385012082,12.085813436897654,15.92073702072382,19.59020349848129
optical_cire_auc_91_180,"(-0.945, 160.326]",1211,112473.18999999999,120168.53868420058,7695.348684200595,0.06841940451942899,92.87629232039636,99.23083293493029,6.354540614533923,14.992532159276621,18.802274701563856
optical_cire_auc_91_180,"(160.326, 185.245]",1210,118256.35,130582.89206925116,12326.542069251154,0.1042357731255121,97.73252066115703,107.91974551177782,10.187224850620785,15.70781334226451,19.414117958714037
optical_cire_auc_91_180,"(185.245, 210.032]",1210,124002.38,137940.57907347384,13938.199073473836,0.1124026738315332,102.48130578512396,114.00047857311888,11.519172787994924,15.491522436068013,19.478776548321434
optical_cire_auc_91_180,"(210.032, 240.312]",1210,126251.24,141975.53661632107,15724.296616321066,0.12454766080967652,104.33986776859504,117.33515422836452,12.995286459769469,17.11768074588785,21.04396949205574
optical_cire_auc_91_180,"(240.312, 1595.925]",1210,134849.25,149925.63580450692,15076.385804506921,0.11180177720311327,111.44566115702479,123.90548413595613,12.459822978931342,16.44604733466674,20.253581730665093
climate_heat_pentad_count_0_180,"(-0.001, 30.0]",1526,148153.74,162902.0218760563,14748.28187605631,0.09954714525638239,97.08633027522936,106.75099729754672,9.664667022317357,16.15538657166468,19.746113404116418
climate_heat_pentad_count_0_180,"(30.0, 32.0]",1521,155120.97999999998,172685.0862905855,17564.106290585507,0.11322843815572535,101.98618014464166,113.5339160358879,11.547735891246214,16.74917153506643,20.744134094355942
climate_heat_pentad_count_0_180,"(32.0, 33.0]",736,77353.86,83663.6953760918,6309.835376091796,0.08157104734129358,105.10035326086957,113.67349915229863,8.573145891429064,15.491688573401353,19.61724356406884
climate_heat_pentad_count_0_180,"(33.0, 35.0]",1581,165290.97999999998,181079.5331017509,15788.553101750906,0.0955197500901193,104.5483744465528,114.53480904601574,9.986434599462932,15.311286316936384,19.08959974884725
climate_heat_pentad_count_0_180,"(35.0, 36.0]",502,53103.94,58928.920817325925,5824.9808173259225,0.10969018150679445,105.78474103585658,117.38828848072893,11.603547444872355,15.854923362081927,20.036582196790334
optical_ndwi11_auc_91_180,"(-6.7860000000000005, 22.612]",1211,110622.66,118173.08333770781,7550.423337707805,0.06825385809478642,91.34819157720892,97.5830580823351,6.234866505126188,14.914873462445449,18.855804593746726
optical_ndwi11_auc_91_180,"(22.612, 25.509]",1210,116093.12,127742.06509147998,11648.945091479982,0.10034139052753499,95.94472727272726,105.57195462105783,9.627227348330555,15.322255151425086,19.213887881746206
optical_ndwi11_auc_91_180,"(25.509, 27.597]",1210,122336.32,136396.71163689785,14060.391636897839,0.11493227552453628,101.10439669421488,112.7245550718164,11.620158377601518,15.756916407166985,19.71663796152595
optical_ndwi11_auc_91_180,"(27.597, 29.95]",1210,129970.20999999999,145477.76773554162,15507.557735541632,0.11931624743502094,107.41339669421487,120.22956011201786,12.81616341780299,16.988862937789182,20.70478405453519
optical_ndwi11_auc_91_180,"(29.95, 37.634]",1210,136810.1,152803.55444612633,15993.454446126329,0.1169025857456893,113.06619834710744,126.28392929431928,13.217730947211843,16.77275224007822,20.512485348010696
enso_oni_asof_mean,"(-0.871, 0.415]",1919,205266.37,211237.12704398227,5970.757043982274,0.02908784836007123,106.965278791037,110.07666860030342,3.1113898092664103,13.045769543650614,16.576922063014138
enso_oni_asof_mean,"(0.415, 0.692]",945,98439.16,106853.47713495084,8414.317134950834,0.08547733579757115,104.16842328042328,113.07246257666755,8.904039296244257,14.163708056335002,17.96284240493909
enso_oni_asof_mean,"(0.692, 0.962]",1272,129938.18999999999,145374.43353524222,15436.243535242233,0.11879681820442653,102.15266509433961,114.28807667864955,12.135411584309923,16.464034056752947,20.29500728637353
enso_oni_asof_mean,"(0.962, 1.222]",1192,114916.40999999999,134232.39347609444,19315.98347609445,0.16808725121237647,96.4063842281879,112.61106835242822,16.204684124240305,19.872407918762388,23.330281427445748
enso_oni_asof_mean,"(1.222, 1.837]",874,83557.56,96478.06790098749,12920.50790098749,0.15463002870102346,95.60361556064073,110.38680537870422,14.783189818063489,19.367399207378686,23.511016670815707
climate_tmax_mean_0_180,"(32.628, 34.831]",1174,110938.86,122330.5884822631,11391.728482263105,0.10268474439220941,94.49647359454855,104.19981983156994,9.703346237021384,16.227818838681014,19.97137835737798
climate_tmax_mean_0_180,"(34.831, 35.08]",1173,114106.69,126854.99440174442,12748.304401744419,0.11172267289274992,97.27765558397272,108.1457752785545,10.868119694581777,15.70439265477055,19.290212085052236
climate_tmax_mean_0_180,"(35.08, 35.289]",1173,121830.42000000001,133633.92585011938,11803.50585011937,0.0968847177094142,103.8622506393862,113.92491547324755,10.06266483386137,16.46850415456709,20.61186069524364
climate_tmax_mean_0_180,"(35.289, 35.452]",1173,125682.33,136661.3606136521,10979.030613652096,0.0873554032110329,107.14606138107418,116.50584877549198,9.359787394417815,15.290292466097016,18.944525771300647
climate_tmax_mean_0_180,"(35.452, 36.135]",1173,126465.20000000001,139778.38811403138,13313.188114031364,0.10527155386644992,107.81346973572039,119.16316122253315,11.349691486812768,16.173083939782558,20.362271386731653
optical_lswi_auc_91_180,"(-6.7860000000000005, 22.612]",1211,110622.66,118173.08333770781,7550.423337707805,0.06825385809478642,91.34819157720892,97.5830580823351,6.234866505126188,14.914873462445449,18.855804593746726
optical_lswi_auc_91_180,"(22.612, 25.509]",1210,116093.12,127742.06509147998,11648.945091479982,0.10034139052753499,95.94472727272726,105.57195462105783,9.627227348330555,15.322255151425086,19.213887881746206
optical_lswi_auc_91_180,"(25.509, 27.597]",1210,122336.32,136396.71163689785,14060.391636897839,0.11493227552453628,101.10439669421488,112.7245550718164,11.620158377601518,15.756916407166985,19.71663796152595
optical_lswi_auc_91_180,"(27.597, 29.95]",1210,129970.20999999999,145477.76773554162,15507.557735541632,0.11931624743502094,107.41339669421487,120.22956011201786,12.81616341780299,16.988862937789182,20.70478405453519
optical_lswi_auc_91_180,"(29.95, 37.634]",1210,136810.1,152803.55444612633,15993.454446126329,0.1169025857456893,113.06619834710744,126.28392929431928,13.217730947211843,16.77275224007822,20.512485348010696
optical_lswi_mean_91_180_minus_0_90,"(-0.0734, 0.146]",1206,113935.03,131083.19219868566,17148.162198685663,0.15050825192818804,94.47349087893863,108.69253084468131,14.21903996574266,18.2688200005643,21.93763073621053
optical_lswi_mean_91_180_minus_0_90,"(0.146, 0.2]",1205,119112.11,132396.56231407425,13284.452314074253,0.11152898151224298,98.84822406639005,109.8726658208085,11.024441754418467,16.172192138045666,20.105404254571766
optical_lswi_mean_91_180_minus_0_90,"(0.2, 0.248]",1205,121678.9,134287.7869686187,12608.886968618695,0.10362426820606281,100.97834024896265,111.44214686192423,10.46380661296155,15.508337756984506,19.526757986368846
optical_lswi_mean_91_180_minus_0_90,"(0.248, 0.304]",1205,125403.26,136517.424582352,11114.164582351994,0.08862739758401811,104.06909543568464,113.2924685330722,9.223373097387519,15.178205327540253,18.96670886389015
optical_lswi_mean_91_180_minus_0_90,"(0.304, 0.551]",1206,132996.77000000002,143884.07187724335,10887.301877243328,0.08186140067343986,110.27924543946934,119.30685893635435,9.027613496885042,14.5960183211676,18.29966150584649
